name;area;population;continent;currency_name
Andorra;468.0;84000;EU;Euro
United Arab Emirates;82880.0;4975593;AS;Dirham
Afghanistan;647500.0;29121286;AS;Afghani
Albania;28748.0;2986952;EU;Lek
Armenia;29800.0;2968000;AS;Dram
Angola;1246700.0;13068161;AF;Kwanza
Argentina;2766890.0;41343201;SA;Peso
American Samoa;199.0;57881;OC;Dollar
Austria;83858.0;8205000;EU;Euro
Australia;7686850.0;21515754;OC;Dollar
Aland Islands;1580.0;26711;EU;Euro
Azerbaijan;86600.0;8303512;AS;Manat
Bosnia and Herzegovina;51129.0;4590000;EU;Marka
Bangladesh;144000.0;156118464;AS;Taka
Belgium;30510.0;10403000;EU;Euro
Burkina Faso;274200.0;16241811;AF;Franc
Bulgaria;110910.0;7148785;EU;Lev
Bahrain;665.0;738004;AS;Dinar
Burundi;27830.0;9863117;AF;Franc
Benin;112620.0;9056010;AF;Franc
Brunei;5770.0;395027;AS;Dollar
Bolivia;1098580.0;9947418;SA;Boliviano
Brazil;8511965.0;201103330;SA;Real
Bhutan;47000.0;699847;AS;Ngultrum
Bouvet Island;49.0;0;AN;Krone
Botswana;600370.0;2029307;AF;Pula
Belarus;207600.0;9685000;EU;Ruble
Cocos Islands;14.0;628;AS;Dollar
Democratic Republic of the Congo;2345410.0;70916439;AF;Franc
Central African Republic;622984.0;4844927;AF;Franc
Republic of the Congo;342000.0;3039126;AF;Franc
Switzerland;41290.0;7581000;EU;Franc
Ivory Coast;322460.0;21058798;AF;Franc
Cook Islands;240.0;21388;OC;Dollar
Chile;756950.0;16746491;SA;Peso
Cameroon;475440.0;19294149;AF;Franc
China;9596960.0;1330044000;AS;Yuan Renminbi
Colombia;1138910.0;47790000;SA;Peso
Cape Verde;4033.0;508659;AF;Escudo
Christmas Island;135.0;1500;AS;Dollar
Cyprus;9250.0;1102677;EU;Euro
Czechia;78866.0;10476000;EU;Koruna
Germany;357021.0;81802257;EU;Euro
Djibouti;23000.0;740528;AF;Franc
Denmark;43094.0;5484000;EU;Krone
Algeria;2381740.0;34586184;AF;Dinar
Ecuador;283560.0;14790608;SA;Dollar
Estonia;45226.0;1291170;EU;Euro
Egypt;1001450.0;80471869;AF;Pound
Western Sahara;266000.0;273008;AF;Dirham
Eritrea;121320.0;5792984;AF;Nakfa
Spain;504782.0;46505963;EU;Euro
Ethiopia;1127127.0;88013491;AF;Birr
Finland;337030.0;5244000;EU;Euro
Fiji;18270.0;875983;OC;Dollar
Falkland Islands;12173.0;2638;SA;Pound
Micronesia;702.0;107708;OC;Dollar
Faroe Islands;1399.0;48228;EU;Krone
France;547030.0;64768389;EU;Euro
Gabon;267667.0;1545255;AF;Franc
United Kingdom;244820.0;62348447;EU;Pound
Georgia;69700.0;4630000;AS;Lari
French Guiana;91000.0;195506;SA;Euro
Guernsey;78.0;65228;EU;Pound
Ghana;239460.0;24339838;AF;Cedi
Gibraltar;6.5;27884;EU;Pound
Gambia;11300.0;1593256;AF;Dalasi
Guinea;245857.0;10324025;AF;Franc
Equatorial Guinea;28051.0;1014999;AF;Franc
Greece;131940.0;11000000;EU;Euro
South Georgia and the South Sandwich Islands;3903.0;30;AN;Pound
Guam;549.0;159358;OC;Dollar
Guinea-Bissau;36120.0;1565126;AF;Franc
Guyana;214970.0;748486;SA;Dollar
Hong Kong;1092.0;6898686;AS;Dollar
Heard Island and McDonald Islands;412.0;0;AN;Dollar
Croatia;56542.0;4284889;EU;Kuna
Hungary;93030.0;9982000;EU;Forint
Indonesia;1919440.0;242968342;AS;Rupiah
Ireland;70280.0;4622917;EU;Euro
Israel;20770.0;7353985;AS;Shekel
Isle of Man;572.0;75049;EU;Pound
India;3287590.0;1173108018;AS;Rupee
British Indian Ocean Territory;60.0;4000;AS;Dollar
Iraq;437072.0;29671605;AS;Dinar
Iran;1648000.0;76923300;AS;Rial
Iceland;103000.0;308910;EU;Krona
Italy;301230.0;60340328;EU;Euro
Jersey;116.0;90812;EU;Pound
Jordan;92300.0;6407085;AS;Dinar
Japan;377835.0;127288000;AS;Yen
Kenya;582650.0;40046566;AF;Shilling
Kyrgyzstan;198500.0;5776500;AS;Som
Cambodia;181040.0;14453680;AS;Riels
Kiribati;811.0;92533;OC;Dollar
Comoros;2170.0;773407;AF;Franc
North Korea;120540.0;22912177;AS;Won
South Korea;98480.0;48422644;AS;Won
Kosovo;10908.0;1800000;EU;Euro
Kuwait;17820.0;2789132;AS;Dinar
Kazakhstan;2717300.0;15340000;AS;Tenge
Laos;236800.0;6368162;AS;Kip
Lebanon;10400.0;4125247;AS;Pound
Liechtenstein;160.0;35000;EU;Franc
Sri Lanka;65610.0;21513990;AS;Rupee
Liberia;111370.0;3685076;AF;Dollar
Lesotho;30355.0;1919552;AF;Loti
Lithuania;65200.0;2944459;EU;Euro
Luxembourg;2586.0;497538;EU;Euro
Latvia;64589.0;2217969;EU;Euro
Libya;1759540.0;6461454;AF;Dinar
Morocco;446550.0;31627428;AF;Dirham
Monaco;1.95;32965;EU;Euro
Moldova;33843.0;4324000;EU;Leu
Montenegro;14026.0;666730;EU;Euro
Madagascar;587040.0;21281844;AF;Ariary
Marshall Islands;181.3;65859;OC;Dollar
Macedonia;25333.0;2062294;EU;Denar
Mali;1240000.0;13796354;AF;Franc
Myanmar;678500.0;53414374;AS;Kyat
Mongolia;1565000.0;3086918;AS;Tugrik
Macao;254.0;449198;AS;Pataca
Northern Mariana Islands;477.0;53883;OC;Dollar
Mauritania;1030700.0;3205060;AF;Ouguiya
Malta;316.0;403000;EU;Euro
Mauritius;2040.0;1294104;AF;Rupee
Maldives;300.0;395650;AS;Rufiyaa
Malawi;118480.0;15447500;AF;Kwacha
Malaysia;329750.0;28274729;AS;Ringgit
Mozambique;801590.0;22061451;AF;Metical
Namibia;825418.0;2128471;AF;Dollar
New Caledonia;19060.0;216494;OC;Franc
Niger;1267000.0;15878271;AF;Franc
Norfolk Island;34.6;1828;OC;Dollar
Nigeria;923768.0;154000000;AF;Naira
Netherlands;41526.0;16645000;EU;Euro
Norway;324220.0;5009150;EU;Krone
Nepal;140800.0;28951852;AS;Rupee
Nauru;21.0;10065;OC;Dollar
Niue;260.0;2166;OC;Dollar
New Zealand;268680.0;4252277;OC;Dollar
Oman;212460.0;2967717;AS;Rial
Peru;1285220.0;29907003;SA;Sol
French Polynesia;4167.0;270485;OC;Franc
Papua New Guinea;462840.0;6064515;OC;Kina
Philippines;300000.0;99900177;AS;Peso
Pakistan;803940.0;184404791;AS;Rupee
Poland;312685.0;38500000;EU;Zloty
Pitcairn;47.0;46;OC;Dollar
Palestinian Territory;5970.0;3800000;AS;Shekel
Portugal;92391.0;10676000;EU;Euro
Palau;458.0;19907;OC;Dollar
Paraguay;406750.0;6375830;SA;Guarani
Qatar;11437.0;840926;AS;Rial
Reunion;2517.0;776948;AF;Euro
Romania;237500.0;21959278;EU;Leu
Serbia;88361.0;7344847;EU;Dinar
Russia;17100000.0;140702000;EU;Ruble
Rwanda;26338.0;11055976;AF;Franc
Saudi Arabia;1960582.0;25731776;AS;Rial
Solomon Islands;28450.0;559198;OC;Dollar
Seychelles;455.0;88340;AF;Rupee
Sudan;1861484.0;35000000;AF;Pound
South Sudan;644329.0;8260490;AF;Pound
Sweden;449964.0;9828655;EU;Krona
Singapore;692.7;4701069;AS;Dollar
Saint Helena;410.0;7460;AF;Pound
Slovenia;20273.0;2007000;EU;Euro
Svalbard and Jan Mayen;62049.0;2550;EU;Krone
Slovakia;48845.0;5455000;EU;Euro
Sierra Leone;71740.0;5245695;AF;Leone
San Marino;61.2;31477;EU;Euro
Senegal;196190.0;12323252;AF;Franc
Somalia;637657.0;10112453;AF;Shilling
Suriname;163270.0;492829;SA;Dollar
Sao Tome and Principe;1001.0;175808;AF;Dobra
Syria;185180.0;22198110;AS;Pound
Swaziland;17363.0;1354051;AF;Lilangeni
Chad;1284000.0;10543464;AF;Franc
French Southern Territories;7829.0;140;AN;Euro  
Togo;56785.0;6587239;AF;Franc
Thailand;514000.0;67089500;AS;Baht
Tajikistan;143100.0;7487489;AS;Somoni
Tokelau;10.0;1466;OC;Dollar
East Timor;15007.0;1154625;OC;Dollar
Turkmenistan;488100.0;4940916;AS;Manat
Tunisia;163610.0;10589025;AF;Dinar
Tonga;748.0;122580;OC;Pa'anga
Turkey;780580.0;77804122;AS;Lira
Tuvalu;26.0;10472;OC;Dollar
Taiwan;35980.0;22894384;AS;Dollar
Tanzania;945087.0;41892895;AF;Shilling
Ukraine;603700.0;45415596;EU;Hryvnia
Uganda;236040.0;33398682;AF;Shilling
United States Minor Outlying Islands;0.0;0;OC;Dollar 
Uruguay;176220.0;3477000;SA;Peso
Uzbekistan;447400.0;27865738;AS;Som
Vatican;0.44;921;EU;Euro
Venezuela;912050.0;27223228;SA;Bolivar
Vietnam;329560.0;89571130;AS;Dong
Vanuatu;12200.0;221552;OC;Vatu
Wallis and Futuna;274.0;16025;OC;Franc
Samoa;2944.0;192001;OC;Tala
Yemen;527970.0;23495361;AS;Rial
Mayotte;374.0;159042;AF;Euro
South Africa;1219912.0;49000000;AF;Rand
Zambia;752614.0;13460305;AF;Kwacha
Zimbabwe;390580.0;13061000;AF;Dollar
Serbia and Montenegro;102350.0;10829175;EU;Dinar
